United States,2020-01-22 00:00:00.000,1,NULL,NULL,NULL
United States,2020-01-23 00:00:00.000,1,0,NULL,NULL
United States,2020-01-24 00:00:00.000,2,1,NULL,NULL
United States,2020-01-25 00:00:00.000,2,0,NULL,NULL
United States,2020-01-26 00:00:00.000,5,3,NULL,NULL
United States,2020-01-27 00:00:00.000,5,0,NULL,NULL
United States,2020-01-28 00:00:00.000,5,0,NULL,NULL
United States,2020-01-29 00:00:00.000,6,1,NULL,NULL
United States,2020-01-30 00:00:00.000,6,0,NULL,NULL
United States,2020-01-31 00:00:00.000,8,2,NULL,NULL
United States,2020-02-01 00:00:00.000,8,0,NULL,NULL
United States,2020-02-02 00:00:00.000,8,0,NULL,NULL
United States,2020-02-03 00:00:00.000,11,3,NULL,NULL
United States,2020-02-04 00:00:00.000,11,0,NULL,NULL
United States,2020-02-05 00:00:00.000,11,0,NULL,NULL
United States,2020-02-06 00:00:00.000,12,1,NULL,NULL
United States,2020-02-07 00:00:00.000,12,0,NULL,NULL
United States,2020-02-08 00:00:00.000,12,0,NULL,NULL
United States,2020-02-09 00:00:00.000,12,0,NULL,NULL
United States,2020-02-10 00:00:00.000,12,0,NULL,NULL
United States,2020-02-11 00:00:00.000,13,1,NULL,NULL
United States,2020-02-12 00:00:00.000,13,0,NULL,NULL
United States,2020-02-13 00:00:00.000,14,1,NULL,NULL
United States,2020-02-14 00:00:00.000,14,0,NULL,NULL
United States,2020-02-15 00:00:00.000,14,0,NULL,NULL
United States,2020-02-16 00:00:00.000,14,0,NULL,NULL
United States,2020-02-17 00:00:00.000,14,0,NULL,NULL
United States,2020-02-18 00:00:00.000,14,0,NULL,NULL
United States,2020-02-19 00:00:00.000,14,0,NULL,NULL
United States,2020-02-20 00:00:00.000,14,0,NULL,NULL
United States,2020-02-21 00:00:00.000,16,2,NULL,NULL
United States,2020-02-22 00:00:00.000,16,0,NULL,NULL
United States,2020-02-23 00:00:00.000,16,0,NULL,NULL
United States,2020-02-24 00:00:00.000,16,0,NULL,NULL
United States,2020-02-25 00:00:00.000,16,0,NULL,NULL
United States,2020-02-26 00:00:00.000,16,0,NULL,NULL
United States,2020-02-27 00:00:00.000,17,1,NULL,NULL
United States,2020-02-28 00:00:00.000,17,0,NULL,NULL
United States,2020-02-29 00:00:00.000,25,8,1,4
United States,2020-03-01 00:00:00.000,32,7,1,3.125
United States,2020-03-02 00:00:00.000,55,23,6,10.9090909090909
United States,2020-03-03 00:00:00.000,74,19,7,9.45945945945946
United States,2020-03-04 00:00:00.000,107,33,11,10.2803738317757
United States,2020-03-05 00:00:00.000,184,77,12,6.52173913043478
United States,2020-03-06 00:00:00.000,237,53,14,5.90717299578059
United States,2020-03-07 00:00:00.000,403,166,17,4.21836228287841
United States,2020-03-08 00:00:00.000,519,116,21,4.04624277456647
United States,2020-03-09 00:00:00.000,594,75,22,3.7037037037037
United States,2020-03-10 00:00:00.000,782,188,28,3.58056265984655
United States,2020-03-11 00:00:00.000,1147,365,33,2.8770706190061
United States,2020-03-12 00:00:00.000,1586,439,43,2.71122320302648
United States,2020-03-13 00:00:00.000,2219,633,51,2.29833258224425
United States,2020-03-14 00:00:00.000,2978,759,58,1.94761584956347
United States,2020-03-15 00:00:00.000,3212,234,70,2.17932752179328
United States,2020-03-16 00:00:00.000,4679,1467,97,2.07309254114127
United States,2020-03-17 00:00:00.000,6512,1833,134,2.05773955773956
United States,2020-03-18 00:00:00.000,9169,2657,194,2.11582506271131
United States,2020-03-19 00:00:00.000,13663,4494,266,1.94686379272488
United States,2020-03-20 00:00:00.000,20030,6367,372,1.8572141787319
United States,2020-03-21 00:00:00.000,26025,5995,475,1.82516810758886
United States,2020-03-22 00:00:00.000,34944,8919,603,1.72561813186813
United States,2020-03-23 00:00:00.000,46096,11152,790,1.71381464769177
United States,2020-03-24 00:00:00.000,56714,10618,1033,1.82141975526325
United States,2020-03-25 00:00:00.000,68841,12127,1366,1.98428262227452
United States,2020-03-26 00:00:00.000,86662,17821,1783,2.0574184763795
United States,2020-03-27 00:00:00.000,105253,18591,2305,2.18996133126847
United States,2020-03-28 00:00:00.000,127417,22164,3018,2.3686007361655
United States,2020-03-29 00:00:00.000,143544,16127,3573,2.48913225213175
United States,2020-03-30 00:00:00.000,165698,22154,4280,2.58301246846673
United States,2020-03-31 00:00:00.000,192079,26381,5359,2.78999786546161
United States,2020-04-01 00:00:00.000,223542,31463,6635,2.96812232153242
United States,2020-04-02 00:00:00.000,255631,32089,8146,3.18662447042808
United States,2020-04-03 00:00:00.000,287835,32204,9566,3.32343182726215
United States,2020-04-04 00:00:00.000,319726,31891,11172,3.49424194466512
United States,2020-04-05 00:00:00.000,348969,29243,12790,3.66508199868756
United States,2020-04-06 00:00:00.000,380698,31729,14523,3.81483485597508
United States,2020-04-07 00:00:00.000,410763,30065,17099,4.16274104532297
United States,2020-04-08 00:00:00.000,441841,31078,19250,4.35677087459063
United States,2020-04-09 00:00:00.000,477452,35611,21463,4.49532099561841
United States,2020-04-10 00:00:00.000,511791,34339,23649,4.62083155037896
United States,2020-04-11 00:00:00.000,540664,28873,25790,4.77006051817765
United States,2020-04-12 00:00:00.000,567115,26451,27679,4.88066794212814
United States,2020-04-13 00:00:00.000,594157,27042,29657,4.99144165599328
United States,2020-04-14 00:00:00.000,622506,28349,32132,5.16171731678088
United States,2020-04-15 00:00:00.000,648136,25630,34719,5.3567461150129
United States,2020-04-16 00:00:00.000,677805,29669,36908,5.44522392133431
United States,2020-04-17 00:00:00.000,710599,32794,39007,5.48931253773225
United States,2020-04-18 00:00:00.000,738160,27561,40951,5.54771323290344
United States,2020-04-19 00:00:00.000,763801,25641,42934,5.62109764192506
United States,2020-04-20 00:00:00.000,793827,30026,45179,5.69129041970102
United States,2020-04-21 00:00:00.000,819754,25927,47662,5.81418327937406
United States,2020-04-22 00:00:00.000,849140,29386,50119,5.90232470499564
United States,2020-04-23 00:00:00.000,881517,32377,52543,5.96052033029425
United States,2020-04-24 00:00:00.000,913459,31942,54712,5.98954085514511
United States,2020-04-25 00:00:00.000,944524,31065,56444,5.97592014602064
United States,2020-04-26 00:00:00.000,970664,26140,57850,5.9598378017522
United States,2020-04-27 00:00:00.000,995293,24629,59330,5.96105870331651
United States,2020-04-28 00:00:00.000,1019734,24441,61571,6.03794715092367
United States,2020-04-29 00:00:00.000,1046339,26605,63962,6.11293280667164
United States,2020-04-30 00:00:00.000,1075402,29063,66154,6.15156006777001
United States,2020-05-01 00:00:00.000,1110675,35273,68063,6.1280752695433
United States,2020-05-02 00:00:00.000,1137980,27305,69804,6.13402696005202
United States,2020-05-03 00:00:00.000,1161863,23883,71007,6.11147785926568
United States,2020-05-04 00:00:00.000,1185743,23880,72365,6.10292449544294
United States,2020-05-05 00:00:00.000,1209676,23933,74586,6.16578323451899
United States,2020-05-06 00:00:00.000,1234155,24479,76905,6.23138908808051
United States,2020-05-07 00:00:00.000,1261655,27500,78822,6.24750823323333
United States,2020-05-08 00:00:00.000,1289002,27347,80594,6.25243405363219
United States,2020-05-09 00:00:00.000,1313552,24550,82058,6.24703095119188
United States,2020-05-10 00:00:00.000,1332269,18717,83059,6.23440161108605
United States,2020-05-11 00:00:00.000,1351328,19059,84093,6.22298953325913
United States,2020-05-12 00:00:00.000,1374558,23230,85684,6.23356744495321
United States,2020-05-13 00:00:00.000,1394520,19962,87416,6.2685368442188
United States,2020-05-14 00:00:00.000,1420492,25972,89197,6.2793032273325
United States,2020-05-15 00:00:00.000,1445373,24881,90862,6.28640496259443
United States,2020-05-16 00:00:00.000,1469501,24128,92060,6.26471162659978
United States,2020-05-17 00:00:00.000,1487875,18374,92891,6.24319919348063
United States,2020-05-18 00:00:00.000,1510465,22590,94110,6.23053165746972
United States,2020-05-19 00:00:00.000,1531016,20551,95555,6.24128030014056
United States,2020-05-20 00:00:00.000,1553585,22569,97052,6.24697071611788
United States,2020-05-21 00:00:00.000,1578965,25380,98246,6.22217718568809
United States,2020-05-22 00:00:00.000,1602879,23914,99450,6.20446084826116
United States,2020-05-23 00:00:00.000,1623035,20156,100524,6.19358177734923
United States,2020-05-24 00:00:00.000,1643217,20182,101165,6.15652101943931
United States,2020-05-25 00:00:00.000,1662139,18922,101762,6.12235198139265
United States,2020-05-26 00:00:00.000,1680819,18680,102418,6.09333902103677
United States,2020-05-27 00:00:00.000,1699733,18914,103896,6.11248943216376
United States,2020-05-28 00:00:00.000,1720801,21068,104985,6.10093787718626
United States,2020-05-29 00:00:00.000,1746042,25241,106103,6.07677249459062
United States,2020-05-30 00:00:00.000,1769181,23139,107053,6.05099195616503
United States,2020-05-31 00:00:00.000,1787469,18288,107674,6.02382474884879
United States,2020-06-01 00:00:00.000,1804729,17260,108445,6.00893541357179
United States,2020-06-02 00:00:00.000,1825939,21210,109428,5.99297128764981
United States,2020-06-03 00:00:00.000,1845238,19299,110437,5.98497321212765
United States,2020-06-04 00:00:00.000,1873289,28051,111443,5.94905537800094
United States,2020-06-05 00:00:00.000,1899659,26370,112321,5.91269275169912
United States,2020-06-06 00:00:00.000,1919999,20340,112958,5.88323223085012
United States,2020-06-07 00:00:00.000,1937741,17742,113415,5.8529493879729
United States,2020-06-08 00:00:00.000,1954664,16923,113926,5.82841859265838
United States,2020-06-09 00:00:00.000,1974951,20287,114840,5.81482781091784
United States,2020-06-10 00:00:00.000,1996600,21649,115716,5.79565260943604
United States,2020-06-11 00:00:00.000,2018679,22079,116532,5.7726859991113
United States,2020-06-12 00:00:00.000,2044465,25786,117355,5.74013250410254
United States,2020-06-13 00:00:00.000,2068536,24071,118077,5.70824003063036
United States,2020-06-14 00:00:00.000,2087628,19092,118424,5.67265815557178
United States,2020-06-15 00:00:00.000,2108580,20952,118825,5.63530907055933
United States,2020-06-16 00:00:00.000,2133249,24669,119612,5.60703415306886
United States,2020-06-17 00:00:00.000,2160267,27018,120360,5.57153351877337
United States,2020-06-18 00:00:00.000,2188047,27780,121058,5.53269650971848
United States,2020-06-19 00:00:00.000,2219619,31572,121684,5.48220212568013
United States,2020-06-20 00:00:00.000,2251457,31838,122257,5.43012813480337
United States,2020-06-21 00:00:00.000,2277372,25915,122574,5.38225639026035
United States,2020-06-22 00:00:00.000,2306922,29550,122952,5.32969905354407
United States,2020-06-23 00:00:00.000,2345248,38326,123691,5.27411173573115
United States,2020-06-24 00:00:00.000,2381598,36350,124446,5.22531510355652
United States,2020-06-25 00:00:00.000,2420707,39109,124994,5.16353280260684
United States,2020-06-26 00:00:00.000,2470257,49550,125620,5.08530084116754
United States,2020-06-27 00:00:00.000,2511525,41268,126116,5.02149092682733
United States,2020-06-28 00:00:00.000,2553787,42262,126437,4.95096106292342
United States,2020-06-29 00:00:00.000,2595447,41660,126806,4.88570947509234
United States,2020-06-30 00:00:00.000,2644829,49382,127365,4.81562324067076
United States,2020-07-01 00:00:00.000,2694331,49502,128063,4.75305372650948
United States,2020-07-02 00:00:00.000,2748914,54583,128802,4.68555946093621
United States,2020-07-03 00:00:00.000,2800905,51991,129479,4.62275585926692
United States,2020-07-04 00:00:00.000,2846854,45949,129781,4.55875152009903
United States,2020-07-05 00:00:00.000,2900427,53573,130103,4.4856498715534
United States,2020-07-06 00:00:00.000,2943410,42983,130474,4.4327497698248
United States,2020-07-07 00:00:00.000,2999972,56562,131616,4.38724094758218
United States,2020-07-08 00:00:00.000,3061017,61045,132457,4.32722196577151
United States,2020-07-09 00:00:00.000,3120401,59384,133488,4.27791171711585
United States,2020-07-10 00:00:00.000,3189182,68781,134304,4.21123661177067
United States,2020-07-11 00:00:00.000,3249918,60736,135058,4.15573562163722
United States,2020-07-12 00:00:00.000,3308739,58821,135531,4.09615264304619
United States,2020-07-13 00:00:00.000,3369739,61000,135966,4.03491190267258
United States,2020-07-14 00:00:00.000,3434801,65062,136862,3.98456853832289
United States,2020-07-15 00:00:00.000,3501135,66334,137827,3.93663769034899
United States,2020-07-16 00:00:00.000,3571488,70353,138788,3.88599933697103
United States,2020-07-17 00:00:00.000,3638141,66653,139703,3.83995562568905
United States,2020-07-18 00:00:00.000,3702857,64716,140585,3.79666295511817
United States,2020-07-19 00:00:00.000,3762021,59164,141061,3.74960692670243
United States,2020-07-20 00:00:00.000,3823143,61122,141590,3.70349735806377
United States,2020-07-21 00:00:00.000,3890313,67170,142686,3.66772545036865
United States,2020-07-22 00:00:00.000,3958386,68073,143911,3.6355979432021
United States,2020-07-23 00:00:00.000,4026356,67970,144997,3.60119671484588
United States,2020-07-24 00:00:00.000,4101767,75411,146091,3.56166013330352
United States,2020-07-25 00:00:00.000,4164595,62828,147060,3.53119571050726
United States,2020-07-26 00:00:00.000,4221303,56708,147594,3.49640857337178
United States,2020-07-27 00:00:00.000,4281602,60299,148694,3.47285899063014
United States,2020-07-28 00:00:00.000,4346569,64967,149916,3.44906522822944
United States,2020-07-29 00:00:00.000,4411311,64742,151356,3.43108885317766
United States,2020-07-30 00:00:00.000,4479015,67704,152645,3.40800376868575
United States,2020-07-31 00:00:00.000,4544969,65954,153828,3.38457754057288
United States,2020-08-01 00:00:00.000,4602694,57725,154947,3.36644147970732
United States,2020-08-02 00:00:00.000,4650104,47410,155404,3.34194676076062
United States,2020-08-03 00:00:00.000,4690980,40876,155963,3.3247423779253
United States,2020-08-04 00:00:00.000,4752741,61761,157218,3.30794377391909
United States,2020-08-05 00:00:00.000,4807408,54667,158626,3.2996159260874
United States,2020-08-06 00:00:00.000,4867041,59633,159807,3.28345292344979
United States,2020-08-07 00:00:00.000,4928259,61218,161098,3.26886228990806
United States,2020-08-08 00:00:00.000,4991989,63730,162185,3.24890539622583
United States,2020-08-09 00:00:00.000,5046788,54799,162757,3.22496209470261
United States,2020-08-10 00:00:00.000,5098701,51913,163274,3.20226661653625
United States,2020-08-11 00:00:00.000,5154945,56244,164371,3.18860821987432
United States,2020-08-12 00:00:00.000,5210304,55359,165886,3.18380654948349
United States,2020-08-13 00:00:00.000,5261636,51332,166924,3.17247335239458
United States,2020-08-14 00:00:00.000,5332369,70733,168233,3.15493920244454
United States,2020-08-15 00:00:00.000,5384113,51744,169278,3.14402762349156
United States,2020-08-16 00:00:00.000,5419431,35318,169886,3.13475713594287
United States,2020-08-17 00:00:00.000,5457405,37974,170355,3.12153853342385
United States,2020-08-18 00:00:00.000,5501528,44123,171578,3.11873355911303
United States,2020-08-19 00:00:00.000,5548021,46493,172865,3.11579570445029
United States,2020-08-20 00:00:00.000,5592132,44111,173972,3.11101383157622
United States,2020-08-21 00:00:00.000,5640842,48710,175073,3.10366785667813
United States,2020-08-22 00:00:00.000,5685457,44615,176052,3.09653208176581
United States,2020-08-23 00:00:00.000,5718429,32972,176547,3.08733395133524
United States,2020-08-24 00:00:00.000,5752265,33836,176989,3.07685755089517
United States,2020-08-25 00:00:00.000,5794048,41783,178223,3.07596692329784
United States,2020-08-26 00:00:00.000,5836663,42615,179401,3.07369125131946
United States,2020-08-27 00:00:00.000,5886710,50047,180516,3.06650064297375
United States,2020-08-28 00:00:00.000,5933633,46923,181457,3.05810959322897
United States,2020-08-29 00:00:00.000,5976827,43194,182440,3.05245575955269
United States,2020-08-30 00:00:00.000,6010437,33610,182889,3.04285695033489
United States,2020-08-31 00:00:00.000,6044303,33866,183383,3.03398092385507
United States,2020-09-01 00:00:00.000,6085910,41607,184444,3.03067248776272
United States,2020-09-02 00:00:00.000,6126096,40186,185496,3.02796430222445
United States,2020-09-03 00:00:00.000,6171322,45226,186527,3.0224804345001
United States,2020-09-04 00:00:00.000,6219587,48265,187506,3.01476609298978
United States,2020-09-05 00:00:00.000,6262492,42905,188326,3.00720543834627
United States,2020-09-06 00:00:00.000,6292681,30189,188766,2.9997706859763
United States,2020-09-07 00:00:00.000,6317543,24862,189086,2.99303067664122
United States,2020-09-08 00:00:00.000,6343952,26409,189554,2.9879482064177
United States,2020-09-09 00:00:00.000,6377217,33265,190659,2.98968970320439
United States,2020-09-10 00:00:00.000,6416394,39177,191583,2.98583596954925
United States,2020-09-11 00:00:00.000,6461432,45038,192739,2.98291462325998
United States,2020-09-12 00:00:00.000,6506744,45312,193488,2.97365318199087
United States,2020-09-13 00:00:00.000,6546752,40008,193888,2.96159072468302
United States,2020-09-14 00:00:00.000,6580196,33444,194311,2.95296675053448
United States,2020-09-15 00:00:00.000,6616410,36214,195513,2.95497104925481
United States,2020-09-16 00:00:00.000,6655380,38970,196468,2.95201776607797
United States,2020-09-17 00:00:00.000,6699820,44440,197334,2.94536271123702
United States,2020-09-18 00:00:00.000,6750992,51172,198294,2.93725722086473
United States,2020-09-19 00:00:00.000,6795611,44619,199005,2.9284342496944
United States,2020-09-20 00:00:00.000,6838341,42730,199275,2.9140839861598
United States,2020-09-21 00:00:00.000,6870643,32302,199688,2.906394641666
United States,2020-09-22 00:00:00.000,6907810,37167,200723,2.90574002469668
United States,2020-09-23 00:00:00.000,6949672,41862,201788,2.90356149182292
United States,2020-09-24 00:00:00.000,6998092,48420,202695,2.89643234184403
United States,2020-09-25 00:00:00.000,7045592,47500,203610,2.88989200623596
United States,2020-09-26 00:00:00.000,7088619,43027,204393,2.88339661082081
United States,2020-09-27 00:00:00.000,7123232,34613,204705,2.87376572881523
United States,2020-09-28 00:00:00.000,7160879,37647,205046,2.86341942099566
United States,2020-09-29 00:00:00.000,7202579,41700,205948,2.85936468034575
United States,2020-09-30 00:00:00.000,7241395,38816,206880,2.85690809574675
United States,2020-10-01 00:00:00.000,7287695,46300,207796,2.85132679125567
United States,2020-10-02 00:00:00.000,7340945,53250,208637,2.84210002935589
United States,2020-10-03 00:00:00.000,7390099,49154,209323,2.83247896949689
United States,2020-10-04 00:00:00.000,7423152,33053,209692,2.82483775086378
United States,2020-10-05 00:00:00.000,7460609,37457,210174,2.817115868155
United States,2020-10-06 00:00:00.000,7504850,44241,210875,2.80984963057223
United States,2020-10-07 00:00:00.000,7554209,49359,211794,2.80365555149454
United States,2020-10-08 00:00:00.000,7611988,57779,212776,2.79527503196274
United States,2020-10-09 00:00:00.000,7667272,55284,213749,2.78781031897655
United States,2020-10-10 00:00:00.000,7722368,55096,214409,2.77646701115513
United States,2020-10-11 00:00:00.000,7768572,46204,214876,2.76596522501175
United States,2020-10-12 00:00:00.000,7812375,43803,215274,2.75555128882062
United States,2020-10-13 00:00:00.000,7861954,49579,216051,2.74805728957458
United States,2020-10-14 00:00:00.000,7919813,57859,217050,2.74059501152363
United States,2020-10-15 00:00:00.000,7984051,64238,217895,2.72912835852376
United States,2020-10-16 00:00:00.000,8053281,69230,218838,2.71737692997426
United States,2020-10-17 00:00:00.000,8108137,54856,219658,2.70910567988676
United States,2020-10-18 00:00:00.000,8160357,52220,220121,2.69744326136712
United States,2020-10-19 00:00:00.000,8228993,68636,220611,2.68089910879739
United States,2020-10-20 00:00:00.000,8290802,61809,221548,2.6722143406633
United States,2020-10-21 00:00:00.000,8351535,60733,222722,2.66683909005949
United States,2020-10-22 00:00:00.000,8430030,78495,223579,2.6521732425626
United States,2020-10-23 00:00:00.000,8512578,82548,224529,2.63761459806888
United States,2020-10-24 00:00:00.000,8590039,77461,225492,2.62504046838437
United States,2020-10-25 00:00:00.000,8651755,61716,225950,2.61160885854951
United States,2020-10-26 00:00:00.000,8716727,64972,226472,2.59813115633884
United States,2020-10-27 00:00:00.000,8793491,76764,227483,2.58694755018229
United States,2020-10-28 00:00:00.000,8879299,85808,228517,2.57359280276517
United States,2020-10-29 00:00:00.000,8970743,91444,229520,2.55853946546011
United States,2020-10-30 00:00:00.000,9070713,99970,230584,2.54207138953685
United States,2020-10-31 00:00:00.000,9159378,88665,231515,2.52762796775065
United States,2020-11-01 00:00:00.000,9235651,76273,232018,2.51219973556818
United States,2020-11-02 00:00:00.000,9318495,82844,232575,2.49584294459567
United States,2020-11-03 00:00:00.000,9442025,123530,234172,2.4801035794758
United States,2020-11-04 00:00:00.000,9542642,100617,235292,2.4656903193057
United States,2020-11-05 00:00:00.000,9671022,128380,236457,2.44500529520045
United States,2020-11-06 00:00:00.000,9795982,124960,237671,2.42620903141717
United States,2020-11-07 00:00:00.000,9924445,128463,238788,2.40605897861291
United States,2020-11-08 00:00:00.000,10042344,117899,239351,2.38341765627626
United States,2020-11-09 00:00:00.000,10162911,120567,240110,2.36261047646683
United States,2020-11-10 00:00:00.000,10298184,135273,241526,2.34532612740266
United States,2020-11-11 00:00:00.000,10444847,146663,242969,2.32620927812538
United States,2020-11-12 00:00:00.000,10604138,159291,244173,2.30261997722021
United States,2020-11-13 00:00:00.000,10782256,178118,245373,2.27571113132539
United States,2020-11-14 00:00:00.000,10947507,165251,246746,2.25390127633625
United States,2020-11-15 00:00:00.000,11086448,138941,247534,2.23276201719433
United States,2020-11-16 00:00:00.000,11242793,156345,248348,2.20895288208188
United States,2020-11-17 00:00:00.000,11405393,162600,250057,2.19244527566915
United States,2020-11-18 00:00:00.000,11577593,172200,251999,2.17660959406675
United States,2020-11-19 00:00:00.000,11769695,192102,254041,2.15843316245663
United States,2020-11-20 00:00:00.000,11970641,200946,255990,2.1384819743571
United States,2020-11-21 00:00:00.000,12151799,181158,257628,2.12008115012436
United States,2020-11-22 00:00:00.000,12297852,146053,258689,2.1035299497831
United States,2020-11-23 00:00:00.000,12480957,183105,259762,2.08126668491847
United States,2020-11-24 00:00:00.000,12653590,172633,261898,2.0697525366319
United States,2020-11-25 00:00:00.000,12833778,180188,264151,2.05824816355714
United States,2020-11-26 00:00:00.000,12950377,116599,265554,2.05055034305179
United States,2020-11-27 00:00:00.000,13163965,213588,267106,2.02906950907268
United States,2020-11-28 00:00:00.000,13334288,170323,268464,2.01333584515349
United States,2020-11-29 00:00:00.000,13472296,138008,269515,2.00051275595489
United States,2020-11-30 00:00:00.000,13629679,157383,270827,1.98703872629722
United States,2020-12-01 00:00:00.000,13825653,195974,273379,1.9773315589506
United States,2020-12-02 00:00:00.000,14022764,197111,276209,1.96971866602048
United States,2020-12-03 00:00:00.000,14242348,219584,279178,1.96019645075377
United States,2020-12-04 00:00:00.000,14477002,234654,281790,1.94646654051716
United States,2020-12-05 00:00:00.000,14700932,223930,284180,1.93307471934432
United States,2020-12-06 00:00:00.000,14879215,178283,285583,1.91934184699932
United States,2020-12-07 00:00:00.000,15075769,196554,287142,1.90465905918298
United States,2020-12-08 00:00:00.000,15300270,224501,289725,1.89359403461508
United States,2020-12-09 00:00:00.000,15520896,220626,292906,1.88717197770026
United States,2020-12-10 00:00:00.000,15755035,234139,295892,1.87807897602259
United States,2020-12-11 00:00:00.000,15995482,240447,299273,1.87098456926775
United States,2020-12-12 00:00:00.000,16217929,222447,301806,1.8609404443687
United States,2020-12-13 00:00:00.000,16409766,191837,303465,1.84929510877852
United States,2020-12-14 00:00:00.000,16621794,212028,305114,1.83562616646555
United States,2020-12-15 00:00:00.000,16844979,223185,308101,1.82903760224337
United States,2020-12-16 00:00:00.000,17081772,236793,311834,1.82553660123786
United States,2020-12-17 00:00:00.000,17320744,238972,315284,1.8202682286627
United States,2020-12-18 00:00:00.000,17571232,250488,318226,1.81106253676464
United States,2020-12-19 00:00:00.000,17770017,198785,320980,1.80630102942501
United States,2020-12-20 00:00:00.000,17963434,193417,322749,1.79669989602211
United States,2020-12-21 00:00:00.000,18164345,200911,324546,1.78672008266745
United States,2020-12-22 00:00:00.000,18367784,203439,327844,1.78488597209114
United States,2020-12-23 00:00:00.000,18590291,222507,331223,1.78169884484326
United States,2020-12-24 00:00:00.000,18801809,211518,334145,1.77719601342615
United States,2020-12-25 00:00:00.000,18922509,120700,335650,1.77381339863546
United States,2020-12-26 00:00:00.000,19149484,226975,337563,1.76277856886379
United States,2020-12-27 00:00:00.000,19285252,135768,339001,1.75782509868162
United States,2020-12-28 00:00:00.000,19458853,173601,340878,1.75178876165003
United States,2020-12-29 00:00:00.000,19661431,202578,344494,1.75213085965106
United States,2020-12-30 00:00:00.000,19881335,219904,348427,1.752533217714
United States,2020-12-31 00:00:00.000,20193344,312009,351754,1.74193041033719
United States,2021-01-01 00:00:00.000,20365726,172382,353948,1.73795915745896
United States,2021-01-02 00:00:00.000,20648106,282380,356547,1.72677823331593
United States,2021-01-03 00:00:00.000,20852118,204012,357984,1.71677524556498
United States,2021-01-04 00:00:00.000,21037629,185511,359964,1.71104833153964
United States,2021-01-05 00:00:00.000,21267443,229814,363568,1.70950499314845
United States,2021-01-06 00:00:00.000,21527659,260216,367492,1.70706903151894
United States,2021-01-07 00:00:00.000,21815515,287856,371520,1.70300815726789
United States,2021-01-08 00:00:00.000,22120006,304491,375709,1.69850315592139
United States,2021-01-09 00:00:00.000,22383452,263446,378965,1.69305878289015
United States,2021-01-10 00:00:00.000,22596381,212929,381069,1.68641606813056
United States,2021-01-11 00:00:00.000,22800005,203624,382906,1.67941191240967
United States,2021-01-12 00:00:00.000,23020478,220473,387295,1.68239338905126
United States,2021-01-13 00:00:00.000,23250259,229781,391313,1.68304791787481
United States,2021-01-14 00:00:00.000,23484702,234443,395105,1.68239307443629
United States,2021-01-15 00:00:00.000,23732616,247914,398917,1.68088086033162
United States,2021-01-16 00:00:00.000,23948150,215534,402494,1.68068932255727
United States,2021-01-17 00:00:00.000,24126685,178535,404485,1.67650466692793
United States,2021-01-18 00:00:00.000,24268250,141565,406050,1.67317379703934
United States,2021-01-19 00:00:00.000,24422727,154477,408451,1.67242175699708
United States,2021-01-20 00:00:00.000,24611263,188536,412893,1.67765872072473
United States,2021-01-21 00:00:00.000,24802608,191345,417030,1.68139576289719
United States,2021-01-22 00:00:00.000,24995842,193234,420807,1.68350800105073
United States,2021-01-23 00:00:00.000,25173676,177834,424363,1.68574108922352
United States,2021-01-24 00:00:00.000,25315104,141428,426221,1.68366284412657
United States,2021-01-25 00:00:00.000,25444521,129417,427991,1.6820556378326
United States,2021-01-26 00:00:00.000,25594369,149848,431973,1.68776577379188
United States,2021-01-27 00:00:00.000,25750505,156136,436101,1.69356290294113
United States,2021-01-28 00:00:00.000,25915104,164599,439951,1.69766249056921
United States,2021-01-29 00:00:00.000,26082099,166995,443550,1.7005916586698
United States,2021-01-30 00:00:00.000,26231812,149713,446451,1.70194495142005
United States,2021-01-31 00:00:00.000,26345636,113824,448408,1.70202002335415
United States,2021-02-01 00:00:00.000,26470524,124888,450185,1.70070301592821
United States,2021-02-02 00:00:00.000,26588371,117847,453718,1.70645279471992
United States,2021-02-03 00:00:00.000,26711242,122871,457635,1.71326739505411
United States,2021-02-04 00:00:00.000,26836552,125310,461519,1.71974030046781
United States,2021-02-05 00:00:00.000,26968114,131562,465193,1.72497416764109
United States,2021-02-06 00:00:00.000,27084457,116343,467930,1.72766985876808
United States,2021-02-07 00:00:00.000,27174934,90477,469407,1.72735286128018
United States,2021-02-08 00:00:00.000,27257702,82768,470858,1.72743102114771
United States,2021-02-09 00:00:00.000,27351867,94165,473923,1.73268976483397
United States,2021-02-10 00:00:00.000,27447856,95989,477330,1.73904293289793
United States,2021-02-11 00:00:00.000,27553865,106009,480521,1.74393320138572
United States,2021-02-12 00:00:00.000,27654785,100920,483405,1.7479976792443
United States,2021-02-13 00:00:00.000,27745703,90918,485701,1.75054494023813
United States,2021-02-14 00:00:00.000,27814102,68399,486899,1.75054725836556
United States,2021-02-15 00:00:00.000,27869827,55725,487848,1.75045220051061
United States,2021-02-16 00:00:00.000,27928852,59025,489492,1.75263917041775
United States,2021-02-17 00:00:00.000,27997523,68671,491938,1.75707686712142
United States,2021-02-18 00:00:00.000,28069693,72170,494545,1.76184684314146
United States,2021-02-19 00:00:00.000,28145205,75512,497080,1.76612677008393
United States,2021-02-20 00:00:00.000,28218984,73779,499013,1.76835920102581
United States,2021-02-21 00:00:00.000,28274517,55533,500240,1.76922562461456
United States,2021-02-22 00:00:00.000,28329859,55342,501441,1.77000880943319
United States,2021-02-23 00:00:00.000,28403092,73233,503717,1.77345832629771
United States,2021-02-24 00:00:00.000,28477856,74764,506981,1.78026393559965
United States,2021-02-25 00:00:00.000,28555454,77598,509411,1.78393591641022
United States,2021-02-26 00:00:00.000,28631342,75888,511566,1.78673427183399
United States,2021-02-27 00:00:00.000,28702597,71255,513087,1.78759782607825
United States,2021-02-28 00:00:00.000,28754623,52026,514194,1.78821332486258
United States,2021-03-01 00:00:00.000,28805152,50529,515513,1.78965554495251
United States,2021-03-02 00:00:00.000,28862661,57509,517446,1.79278688129275
United States,2021-03-03 00:00:00.000,28930001,67340,520027,1.79753536821516
United States,2021-03-04 00:00:00.000,28998884,68883,521979,1.79999685505139
United States,2021-03-05 00:00:00.000,29067009,68125,523702,1.80170584458828
United States,2021-03-06 00:00:00.000,29128150,61141,525233,1.803180085244
United States,2021-03-07 00:00:00.000,29170293,42143,525944,1.80301240032111
United States,2021-03-08 00:00:00.000,29213669,43376,526649,1.80274856951381
United States,2021-03-09 00:00:00.000,29269154,55485,528433,1.80542628598011
United States,2021-03-10 00:00:00.000,29326680,57526,530005,1.80724514333024
United States,2021-03-11 00:00:00.000,29388613,61933,531579,1.80879240541226
United States,2021-03-12 00:00:00.000,29451672,63059,533010,1.80977840578966
United States,2021-03-13 00:00:00.000,29507070,55398,534007,1.80975949153881
United States,2021-03-14 00:00:00.000,29545694,38624,534539,1.80919426025329
United States,2021-03-15 00:00:00.000,29598847,53153,535239,1.80831030343851
United States,2021-03-16 00:00:00.000,29652343,53496,536500,1.80930053318215
United States,2021-03-17 00:00:00.000,29712392,60049,537717,1.80973985534386
United States,2021-03-18 00:00:00.000,29774035,61643,539365,1.81152806463753
United States,2021-03-19 00:00:00.000,29835745,61710,540411,1.81128709874682
United States,2021-03-20 00:00:00.000,29893903,58158,541184,1.81034908690244
United States,2021-03-21 00:00:00.000,29928523,34620,541974,1.81089457705614
United States,2021-03-22 00:00:00.000,29977596,49073,542507,1.8097081567181
United States,2021-03-23 00:00:00.000,30030767,53171,543452,1.80965074918
United States,2021-03-24 00:00:00.000,30118241,87474,544987,1.80949146399353
United States,2021-03-25 00:00:00.000,30186257,68016,546345,1.80991303426589
United States,2021-03-26 00:00:00.000,30262450,76193,547513,1.80921571121968
United States,2021-03-27 00:00:00.000,30325796,63346,548327,1.80812071676536
United States,2021-03-28 00:00:00.000,30371294,45498,548777,1.80689370693261
United States,2021-03-29 00:00:00.000,30438692,67398,549431,1.80504142556454
United States,2021-03-30 00:00:00.000,30500059,61367,550356,1.80444241107861
United States,2021-03-31 00:00:00.000,30569041,68982,551457,1.80397219526775
United States,2021-04-01 00:00:00.000,30646459,77418,552580,1.80307943570251
United States,2021-04-02 00:00:00.000,30719461,73002,553481,1.80172757588423
United States,2021-04-03 00:00:00.000,30783508,64047,554252,1.80048355762443
United States,2021-04-04 00:00:00.000,30820863,37355,554555,1.79928446520138
United States,2021-04-05 00:00:00.000,30890293,69430,555012,1.79671976565583
United States,2021-04-06 00:00:00.000,30952840,62547,555876,1.79588044263467
United States,2021-04-07 00:00:00.000,31028526,75686,558470,1.79985990955548
United States,2021-04-08 00:00:00.000,31108985,80459,559513,1.79855755499577
United States,2021-04-09 00:00:00.000,31193431,84446,560423,1.79660583024676
United States,2021-04-10 00:00:00.000,31263258,69827,561147,1.79490889913009
United States,2021-04-11 00:00:00.000,31310043,46785,561432,1.7931371093933
United States,2021-04-12 00:00:00.000,31373657,63614,561884,1.79094199952527
United States,2021-04-13 00:00:00.000,31454883,81226,562761,1.78910536720165
United States,2021-04-14 00:00:00.000,31529907,75024,563697,1.78781688128671
United States,2021-04-15 00:00:00.000,31604031,74124,564602,1.78648729967389
United States,2021-04-16 00:00:00.000,31684709,80678,565463,1.7846558098419
United States,2021-04-17 00:00:00.000,31739579,54870,566171,1.78380122811333
United States,2021-04-18 00:00:00.000,31782856,43277,566500,1.78240747149973
United States,2021-04-19 00:00:00.000,31845746,62890,567004,1.78047014505485
United States,2021-04-20 00:00:00.000,31907880,62134,567851,1.77965756421298
United States,2021-04-21 00:00:00.000,31972128,64248,568740,1.77886188870506
United States,2021-04-22 00:00:00.000,32039029,66901,569685,1.77809695793215
United States,2021-04-23 00:00:00.000,32102220,63191,570447,1.77697056465254
United States,2021-04-24 00:00:00.000,32156510,54290,571211,1.77634637589714
United States,2021-04-25 00:00:00.000,32190651,34141,571505,1.77537571389904
United States,2021-04-26 00:00:00.000,32233783,43132,571978,1.77446748959004
United States,2021-04-27 00:00:00.000,32286133,52350,572654,1.77368407669014
United States,2021-04-28 00:00:00.000,32341279,55146,573649,1.77373628297137
United States,2021-04-29 00:00:00.000,32400143,58864,574542,1.77326995130855
United States,2021-04-30 00:00:00.000,32458144,58001,575350,1.77259057079789
United States,2021-05-01 00:00:00.000,32506407,48263,576095,1.77225062123907
United States,2021-05-02 00:00:00.000,32536475,30068,576416,1.77159941265918
United States,2021-05-03 00:00:00.000,32582348,45873,576889,1.77055686717237
United States,2021-05-04 00:00:00.000,32624914,42566,577801,1.77104221638715
United States,2021-05-05 00:00:00.000,32670693,45779,578614,1.77104905610665
United States,2021-05-06 00:00:00.000,32717292,46599,579441,1.77105427918668
United States,2021-05-07 00:00:00.000,32765470,48178,580265,1.77096498234269
United States,2021-05-08 00:00:00.000,32800626,35156,580900,1.77100278512977
United States,2021-05-09 00:00:00.000,32823117,22491,581139,1.77051740698484
United States,2021-05-10 00:00:00.000,32856307,33190,581538,1.7699432866877
United States,2021-05-11 00:00:00.000,32891510,35203,582238,1.7701771672994
United States,2021-05-12 00:00:00.000,32927432,35922,583036,1.77066951349258
United States,2021-05-13 00:00:00.000,32966319,38887,583826,1.77097722072034
United States,2021-05-14 00:00:00.000,33008363,42044,584458,1.77063612636591
United States,2021-05-15 00:00:00.000,33038760,30397,584987,1.77060821895253
United States,2021-05-16 00:00:00.000,33056191,17431,585251,1.77047319214727
United States,2021-05-17 00:00:00.000,33082011,25820,585645,1.77028234468576
United States,2021-05-18 00:00:00.000,33110796,28785,586425,1.77109906992269
United States,2021-05-19 00:00:00.000,33140298,29502,587109,1.77158636292287
United States,2021-05-20 00:00:00.000,33170397,30099,587793,1.7720408953803
United States,2021-05-21 00:00:00.000,33199087,28690,588428,1.77242223558738
United States,2021-05-22 00:00:00.000,33220032,20945,588912,1.7727616878876
United States,2021-05-23 00:00:00.000,33233562,13530,589102,1.77261167490864
United States,2021-05-24 00:00:00.000,33255817,22255,589540,1.77274249494457
United States,2021-05-25 00:00:00.000,33280341,24524,590188,1.77338327152357
United States,2021-05-26 00:00:00.000,33304863,24522,591165,1.77501105469192
United States,2021-05-27 00:00:00.000,33331700,26837,592520,1.77764710470813
United States,2021-05-28 00:00:00.000,33353930,22230,593060,1.77808132355018
United States,2021-05-29 00:00:00.000,33367079,13149,593410,1.77842957125495
United States,2021-05-30 00:00:00.000,33374265,7186,593559,1.77849309939859
United States,2021-05-31 00:00:00.000,33380343,6078,593721,1.77865458123064
United States,2021-06-01 00:00:00.000,33401321,20978,594360,1.77945057921512
United States,2021-06-02 00:00:00.000,33418019,16698,594924,1.78024915241086
United States,2021-06-03 00:00:00.000,33436388,18369,595563,1.78118222578348
United States,2021-06-04 00:00:00.000,33454196,17808,596090,1.78180937303052
United States,2021-06-05 00:00:00.000,33469642,15446,596671,1.78272298221774
United States,2021-06-06 00:00:00.000,33475563,5921,596835,1.78289757217825
United States,2021-06-07 00:00:00.000,33489723,14160,597141,1.78305744720552
United States,2021-06-08 00:00:00.000,33502666,12943,597472,1.7833565842193
United States,2021-06-09 00:00:00.000,33521208,18542,597952,1.78380206345786
United States,2021-06-10 00:00:00.000,33536136,14928,598370,1.78425445316658
United States,2021-06-11 00:00:00.000,33561137,25001,598909,1.78453131668334
United States,2021-06-12 00:00:00.000,33570178,9041,599185,1.78487287139198
United States,2021-06-13 00:00:00.000,33575363,5185,599289,1.78490698670927
United States,2021-06-14 00:00:00.000,33586905,11542,599469,1.78482953401035
United States,2021-06-15 00:00:00.000,33597770,10865,599803,1.78524646129788
United States,2021-06-16 00:00:00.000,33609644,11874,600186,1.78575530285295
United States,2021-06-17 00:00:00.000,33621241,11597,600503,1.78608219726333
United States,2021-06-18 00:00:00.000,33642523,21282,601117,1.78677740667666
United States,2021-06-19 00:00:00.000,33651454,8931,601296,1.78683512456847
United States,2021-06-20 00:00:00.000,33656293,4839,601369,1.78679511733511
United States,2021-06-21 00:00:00.000,33666959,10666,601627,1.78699537430749
United States,2021-06-22 00:00:00.000,33677639,10680,601978,1.78747090910975
United States,2021-06-23 00:00:00.000,33690260,12621,602377,1.78798560770977
United States,2021-06-24 00:00:00.000,33704575,14315,602717,1.78823497996934
United States,2021-06-25 00:00:00.000,33728963,24388,603240,1.78849257832208
United States,2021-06-26 00:00:00.000,33738279,9316,603400,1.78847296864194
United States,2021-06-27 00:00:00.000,33742803,4524,603473,1.78844952507354
United States,2021-06-28 00:00:00.000,33756457,13654,603619,1.78815863288022
United States,2021-06-29 00:00:00.000,33763467,7010,603956,1.78878549409633
United States,2021-06-30 00:00:00.000,33778649,15182,604251,1.7888548473327
United States,2021-07-01 00:00:00.000,33793656,15007,604537,1.78890676995706
United States,2021-07-02 00:00:00.000,33823348,29692,604972,1.78862246280291
United States,2021-07-03 00:00:00.000,33828498,5150,605062,1.78861621346594
United States,2021-07-04 00:00:00.000,33832596,4098,605103,1.78852075081676
United States,2021-07-05 00:00:00.000,33841310,8714,605227,1.78842663005658
United States,2021-07-06 00:00:00.000,33864061,22751,605527,1.78811100062689
United States,2021-07-07 00:00:00.000,33884150,20089,605848,1.78799822335812
United States,2021-07-08 00:00:00.000,33904933,20783,606096,1.78763367560703
United States,2021-07-09 00:00:00.000,33952511,47578,606558,1.78648937040327
United States,2021-07-10 00:00:00.000,33962240,9729,606644,1.78623082576414
United States,2021-07-11 00:00:00.000,33973763,11523,606758,1.78596053666472
United States,2021-07-12 00:00:00.000,34003782,30019,606989,1.78506320267551
United States,2021-07-13 00:00:00.000,34030101,26319,607348,1.78473757688818
United States,2021-07-14 00:00:00.000,34061330,31229,607680,1.78407595945314
United States,2021-07-15 00:00:00.000,34093091,31761,608006,1.78337012622293
United States,2021-07-16 00:00:00.000,34170423,77332,608364,1.78038182319253
United States,2021-07-17 00:00:00.000,34183917,13494,608439,1.77989842416245
United States,2021-07-18 00:00:00.000,34204508,20591,608617,1.77934733047468
United States,2021-07-19 00:00:00.000,34254289,49781,608804,1.77730736142268
United States,2021-07-20 00:00:00.000,34293673,39384,609096,1.77611771127578
United States,2021-07-21 00:00:00.000,34341267,47594,609448,1.77468117294566
United States,2021-07-22 00:00:00.000,34397655,56388,609742,1.77262665143888
United States,2021-07-23 00:00:00.000,34518421,120766,610302,1.76804726960135
United States,2021-07-24 00:00:00.000,34545917,27496,610424,1.76699318764646
United States,2021-07-25 00:00:00.000,34573012,27095,610511,1.76586002978277
United States,2021-07-26 00:00:00.000,34653842,80830,610771,1.76249144322872
United States,2021-07-27 00:00:00.000,34718665,64823,611221,1.7604968393802
United States,2021-07-28 00:00:00.000,34791807,73142,611602,1.75789087356112
United States,2021-07-29 00:00:00.000,34864637,72830,611929,1.75515666490375
United States,2021-07-30 00:00:00.000,35055214,190577,612802,1.74810514635569
United States,2021-07-31 00:00:00.000,35097130,41916,612961,1.7464704378962
United States,2021-08-01 00:00:00.000,35140016,42886,613177,1.74495367332787
United States,2021-08-02 00:00:00.000,35252429,112413,613529,1.74038787511635
United States,2021-08-03 00:00:00.000,35349160,96731,614113,1.73727749117659
United States,2021-08-04 00:00:00.000,35452143,102983,614646,1.73373440358739
United States,2021-08-05 00:00:00.000,35561247,109104,615150,1.7298324774719
United States,2021-08-06 00:00:00.000,35812552,251305,616304,1.72091617486517
United States,2021-08-07 00:00:00.000,35873028,60476,616556,1.71871747207958
United States,2021-08-08 00:00:00.000,35905754,32726,616674,1.71747959950932
United States,2021-08-09 00:00:00.000,36071217,165463,617172,1.71098191668997
United States,2021-08-10 00:00:00.000,36188440,117223,618037,1.707829903693
United States,2021-08-11 00:00:00.000,36341453,153013,618816,1.70278276985788
United States,2021-08-12 00:00:00.000,36486436,144983,619828,1.69879020247415
United States,2021-08-13 00:00:00.000,36712411,225975,620884,1.69121009241262
United States,2021-08-14 00:00:00.000,36780675,68264,621146,1.68878357996421
United States,2021-08-15 00:00:00.000,36824726,44051,621331,1.68726577897688
United States,2021-08-16 00:00:00.000,37028563,203837,622368,1.68077816036231
United States,2021-08-17 00:00:00.000,37177412,148849,623397,1.67681655732249
United States,2021-08-18 00:00:00.000,37344001,166589,624572,1.67248281725357
United States,2021-08-19 00:00:00.000,37498414,154413,626353,1.67034531113769
United States,2021-08-20 00:00:00.000,37738447,240033,627832,1.66364026585408
United States,2021-08-21 00:00:00.000,37820956,82509,628384,1.66147042925092
United States,2021-08-22 00:00:00.000,37861128,40172,628563,1.66018033060188
United States,2021-08-23 00:00:00.000,38084209,223081,629924,1.65402936424385
United States,2021-08-24 00:00:00.000,38239304,155095,631346,1.65103946452582
United States,2021-08-25 00:00:00.000,38411759,172455,632836,1.64750591088526
United States,2021-08-26 00:00:00.000,38599446,187687,635057,1.64524900176028
United States,2021-08-27 00:00:00.000,38837928,238482,636780,1.63958283253422
United States,2021-08-28 00:00:00.000,38910824,72896,637413,1.63813801527308
United States,2021-08-29 00:00:00.000,38956442,45618,637702,1.63696160958437
United States,2021-08-30 00:00:00.000,39195986,239544,639435,1.63137878455207
United States,2021-08-31 00:00:00.000,39376264,180278,640878,1.62757441894437
United States,2021-09-01 00:00:00.000,39572940,196676,642912,1.62462531214512
United States,2021-09-02 00:00:00.000,39748806,175866,645865,1.62486641737113
United States,2021-09-03 00:00:00.000,39986138,237332,647834,1.62014646175632
United States,2021-09-04 00:00:00.000,40063278,77140,648469,1.61861193684651
United States,2021-09-05 00:00:00.000,40115521,52243,648865,1.61749114513557
United States,2021-09-06 00:00:00.000,40196052,80531,649464,1.61574076976515
United States,2021-09-07 00:00:00.000,40438328,242276,651544,1.61120410319635
United States,2021-09-08 00:00:00.000,40616251,177923,653823,1.60975713883588
United States,2021-09-09 00:00:00.000,40781682,165431,657107,1.61127978978405
United States,2021-09-10 00:00:00.000,41013976,232294,659537,1.60807867054879
United States,2021-09-11 00:00:00.000,41092106,78130,660329,1.6069485462731
United States,2021-09-12 00:00:00.000,41137026,44920,660665,1.60601060465577
United States,2021-09-13 00:00:00.000,41372272,235246,662821,1.60208992148171
United States,2021-09-14 00:00:00.000,41514945,142673,664749,1.60122818421173
United States,2021-09-15 00:00:00.000,41691299,176354,667515,1.60108947432892
United States,2021-09-16 00:00:00.000,41848230,156931,670976,1.60335574527286
United States,2021-09-17 00:00:00.000,42058833,210603,673422,1.60114285624615
United States,2021-09-18 00:00:00.000,42130143,71310,674386,1.60072089002879
United States,2021-09-19 00:00:00.000,42173320,43177,674733,1.59990486876537
United States,2021-09-20 00:00:00.000,42352602,179282,677019,1.59852988489349
United States,2021-09-21 00:00:00.000,42469668,117066,679374,1.59966873298845
United States,2021-09-22 00:00:00.000,42606268,136600,682220,1.60121980174372
United States,2021-09-23 00:00:00.000,42733844,127576,685487,1.60408457521397
United States,2021-09-24 00:00:00.000,42910399,176555,687971,1.6032733697023
United States,2021-09-25 00:00:00.000,42969387,58988,688761,1.60291092819174
United States,2021-09-26 00:00:00.000,43021643,52256,689310,1.60224006321655
United States,2021-09-27 00:00:00.000,43181407,159764,691614,1.60164767211036
United States,2021-09-28 00:00:00.000,43294122,112715,694174,1.6033908713982
United States,2021-09-29 00:00:00.000,43415078,120956,696787,1.60494241194269
United States,2021-09-30 00:00:00.000,43526420,111342,699585,1.6072651966323
United States,2021-10-01 00:00:00.000,43681032,154612,701721,1.60646616590927
United States,2021-10-02 00:00:00.000,43728034,47002,702515,1.6065551906587
United States,2021-10-03 00:00:00.000,43771639,43605,703014,1.60609475921155
United States,2021-10-04 00:00:00.000,43917105,145466,704973,1.60523559100719
United States,2021-10-05 00:00:00.000,44012474,95369,706880,1.60609012799417
United States,2021-10-06 00:00:00.000,44125454,112980,709511,1.60794039648861
United States,2021-10-07 00:00:00.000,44226910,101456,711991,1.60985924632763
United States,2021-10-08 00:00:00.000,44358631,131721,713825,1.60921332310729
United States,2021-10-09 00:00:00.000,44396330,37699,714248,1.60879964627707
United States,2021-10-10 00:00:00.000,44435238,38908,714716,1.60844418116991
United States,2021-10-11 00:00:00.000,44532723,97485,715818,1.60739777803392
United States,2021-10-12 00:00:00.000,44643856,111133,718171,1.60866704704002
United States,2021-10-13 00:00:00.000,44752705,108849,721398,1.61196513149317
United States,2021-10-14 00:00:00.000,44839687,86982,723541,1.61361741887271
United States,2021-10-15 00:00:00.000,44949528,109841,725368,1.61373885839246
United States,2021-10-16 00:00:00.000,44988765,39237,725894,1.61350061509801
United States,2021-10-17 00:00:00.000,45019847,31082,726348,1.61339508772653
United States,2021-10-18 00:00:00.000,45119880,100033,728092,1.61368336972527
United States,2021-10-19 00:00:00.000,45201161,81281,730230,1.61551160157147
United States,2021-10-20 00:00:00.000,45293114,91953,733433,1.6193035435806
United States,2021-10-21 00:00:00.000,45371044,77930,735421,1.6209038522455
United States,2021-10-22 00:00:00.000,45467423,96379,737317,1.62163798023037
United States,2021-10-23 00:00:00.000,45499263,31840,737857,1.62169000407765
United States,2021-10-24 00:00:00.000,45517836,18573,738101,1.62156434677606
United States,2021-10-25 00:00:00.000,45628957,111121,739515,1.62071423197335
United States,2021-10-26 00:00:00.000,45698182,69225,741133,1.62179974686958
United States,2021-10-27 00:00:00.000,45800553,102371,743210,1.62270966466278
United States,2021-10-28 00:00:00.000,45876307,75754,745052,1.62404528333111
United States,2021-10-29 00:00:00.000,45971438,95131,746788,1.62446082282656
United States,2021-10-30 00:00:00.000,46005306,33868,747152,1.62405614691488
United States,2021-10-31 00:00:00.000,46037337,32031,747385,1.62343230235059
United States,2021-11-01 00:00:00.000,46148818,111481,748635,1.62221922997031
United States,2021-11-02 00:00:00.000,46219783,70965,749920,1.62250869935932
United States,2021-11-03 00:00:00.000,46305148,85365,751887,1.62376546123986
United States,2021-11-04 00:00:00.000,46386884,81736,753096,1.623510645811
United States,2021-11-05 00:00:00.000,46483579,96695,755219,1.62470062815086
United States,2021-11-06 00:00:00.000,46518185,34606,755680,1.62448298445006
United States,2021-11-07 00:00:00.000,46554498,36313,755867,1.62361755033853
United States,2021-11-08 00:00:00.000,46663539,109041,757083,1.62242945182533
United States,2021-11-09 00:00:00.000,46743507,79968,758570,1.62283501749238
United States,2021-11-10 00:00:00.000,46839221,95714,760253,1.62311196422332
United States,2021-11-11 00:00:00.000,46895898,56677,761113,1.6229841680396
United States,2021-11-12 00:00:00.000,47040730,144832,763604,1.62328263188093
United States,2021-11-13 00:00:00.000,47084238,43508,764161,1.62296563023915
United States,2021-11-14 00:00:00.000,47115458,31220,764351,1.62229347319515
United States,2021-11-15 00:00:00.000,47250285,134827,765622,1.62035424759872
United States,2021-11-16 00:00:00.000,47337361,87076,766962,1.62020438781959
United States,2021-11-17 00:00:00.000,47450048,112687,768646,1.61990563212918
United States,2021-11-18 00:00:00.000,47560247,110199,769973,1.61894239111079
United States,2021-11-19 00:00:00.000,47687168,126921,771780,1.61842280086752
United States,2021-11-20 00:00:00.000,47731975,44807,772230,1.61784631790325
United States,2021-11-21 00:00:00.000,47771211,39236,772430,1.61693619196717
United States,2021-11-22 00:00:00.000,47916873,145662,773667,1.61460243868585
United States,2021-11-23 00:00:00.000,48008162,91289,775045,1.61440256763006
United States,2021-11-24 00:00:00.000,48119708,111546,776797,1.61430115078836
United States,2021-11-25 00:00:00.000,48158766,39058,777265,1.61396369666116
United States,2021-11-26 00:00:00.000,48211469,52703,777633,1.6129626749187
United States,2021-11-27 00:00:00.000,48237485,26016,777943,1.61273540691435
United States,2021-11-28 00:00:00.000,48279989,42504,778167,1.61177957186361
United States,2021-11-29 00:00:00.000,48467730,187741,780091,1.60950595375521
United States,2021-11-30 00:00:00.000,48585068,117338,781618,1.60876177018009
United States,2021-12-01 00:00:00.000,48722055,136987,783730,1.60857336579912
United States,2021-12-02 00:00:00.000,48861276,139221,787637,1.611986146248
United States,2021-12-03 00:00:00.000,49019924,158648,789273,1.61010653545689
United States,2021-12-04 00:00:00.000,49085514,65590,789940,1.60931390063472
United States,2021-12-05 00:00:00.000,49139780,54266,790281,1.60823064327923
United States,2021-12-06 00:00:00.000,49319273,179493,791632,1.6051169286295
United States,2021-12-07 00:00:00.000,49432515,113242,793335,1.60488496286301
United States,2021-12-08 00:00:00.000,49582188,149673,795154,1.60370897710283
United States,2021-12-09 00:00:00.000,49704640,122452,796685,1.60283828632498
United States,2021-12-10 00:00:00.000,49865322,160682,798520,1.60135334130601
United States,2021-12-11 00:00:00.000,49921161,55839,799114,1.60075203379184
United States,2021-12-12 00:00:00.000,49972478,51317,799441,1.59976257331085
United States,2021-12-13 00:00:00.000,50159572,187094,800839,1.59658260241933
United States,2021-12-14 00:00:00.000,50274393,114821,802360,1.59596158624929
United States,2021-12-15 00:00:00.000,50417970,143577,804646,1.59595080880884
United States,2021-12-16 00:00:00.000,50559575,141605,805917,1.59399480711616
United States,2021-12-17 00:00:00.000,50752342,192767,807774,1.59159945761715
United States,2021-12-18 00:00:00.000,50830124,77782,808416,1.59042696807114
United States,2021-12-19 00:00:00.000,50918010,87886,808682,1.58820425228716
United States,2021-12-20 00:00:00.000,51160622,242612,810248,1.5837336770456
United States,2021-12-21 00:00:00.000,51339298,178676,812215,1.58205318662519
United States,2021-12-22 00:00:00.000,51580425,241127,814353,1.57880242359383
United States,2021-12-23 00:00:00.000,51850491,270066,817840,1.57730425349299
United States,2021-12-24 00:00:00.000,52084134,233643,818527,1.57154768091181
United States,2021-12-25 00:00:00.000,52157193,73059,818729,1.56973363194603
United States,2021-12-26 00:00:00.000,52353264,196071,818922,1.56422338824949
United States,2021-12-27 00:00:00.000,52862374,509110,820806,1.55272254704263
United States,2021-12-28 00:00:00.000,53218883,356509,823204,1.54682690352595
United States,2021-12-29 00:00:00.000,53717795,498912,825516,1.53676449303252
United States,2021-12-30 00:00:00.000,54306641,588846,827048,1.52292239912242
United States,2021-12-31 00:00:00.000,54797005,490364,827748,1.51057160879504
United States,2022-01-01 00:00:00.000,54963778,166773,828124,1.50667226696098
United States,2022-01-02 00:00:00.000,55268644,304866,828467,1.49898195439714
United States,2022-01-03 00:00:00.000,56345834,1077190,830299,1.47357655581067
United States,2022-01-04 00:00:00.000,57152289,806455,832595,1.45680079410293
United States,2022-01-05 00:00:00.000,57797669,645380,834711,1.44419492073288
United States,2022-01-06 00:00:00.000,58612942,815273,836695,1.42749190102077
United States,2022-01-07 00:00:00.000,59470146,857204,839038,1.41085579308986
United States,2022-01-08 00:00:00.000,59856640,386494,839821,1.40305403043004
United States,2022-01-09 00:00:00.000,60333614,476974,840343,1.39282722231756
United States,2022-01-10 00:00:00.000,61703251,1369637,842288,1.36506259613452
United States,2022-01-11 00:00:00.000,62473818,770567,844686,1.35206399583262
United States,2022-01-12 00:00:00.000,63384166,910348,847558,1.33717622789263
United States,2022-01-13 00:00:00.000,64224943,840777,849838,1.32322110429899
United States,2022-01-14 00:00:00.000,65084721,859778,852332,1.30957310241831
United States,2022-01-15 00:00:00.000,65479434,394713,853230,1.30305035929297
United States,2022-01-16 00:00:00.000,65947775,468341,853885,1.29478970291265
United States,2022-01-17 00:00:00.000,66610143,662368,854838,1.28334509055175
United States,2022-01-18 00:00:00.000,67723872,1113729,857375,1.26598638660235
United States,2022-01-19 00:00:00.000,68722784,998912,861274,1.25325830804526
United States,2022-01-20 00:00:00.000,69433776,710992,863925,1.2442431476001
United States,2022-01-21 00:00:00.000,70256649,822873,867083,1.23416503966763
United States,2022-01-22 00:00:00.000,70543266,286617,867966,1.23040234627073
United States,2022-01-23 00:00:00.000,70899566,356300,868590,1.22509917761697
United States,2022-01-24 00:00:00.000,71802940,903374,870600,1.21248517122001
United States,2022-01-25 00:00:00.000,72357997,555057,873639,1.2073841679172
United States,2022-01-26 00:00:00.000,73009708,651711,877707,1.20217848289436
United States,2022-01-27 00:00:00.000,73497946,488238,880094,1.19744026588172
United States,2022-01-28 00:00:00.000,74099283,601337,883982,1.1929697079525
United States,2022-01-29 00:00:00.000,74268633,169350,885059,1.19169959678671
United States,2022-01-30 00:00:00.000,74461453,192820,885391,1.18905952587307
United States,2022-01-31 00:00:00.000,74992871,531418,887824,1.18387786487065
United States,2022-02-01 00:00:00.000,75406916,414045,891450,1.18218599471698
United States,2022-02-02 00:00:00.000,75731527,324611,894996,1.18180107473602
United States,2022-02-03 00:00:00.000,75982593,251066,897237,1.18084546022271
United States,2022-02-04 00:00:00.000,76354040,371447,901391,1.18054133088439
